time,closing
2010-01-04,1696.140015
2010-01-05,1690.619995
2010-01-06,1705.319946
2010-01-07,1683.449951
2010-01-08,1695.26001
2010-01-11,1694.119995
2010-01-12,1698.640015
2010-01-13,1671.410034
2010-01-14,1685.77002
2010-01-15,1701.800049
2010-01-18,1711.780029
2010-01-19,1710.219971
2010-01-20,1714.380005
2010-01-21,1722.01001
2010-01-22,1684.349976
2010-01-25,1670.199951
2010-01-26,1637.339966
2010-01-27,1625.47998
2010-01-28,1642.430054
2010-01-29,1602.430054
2010-02-01,1606.439941
2010-02-02,1595.810059
2010-02-03,1615.02002
2010-02-04,1616.420044
2010-02-05,1567.119995
2010-02-08,1552.790039
2010-02-09,1570.48999
2010-02-10,1570.119995
2010-02-11,1597.810059
2010-02-12,1593.660034
2010-02-16,1601.050049
2010-02-17,1627.430054
2010-02-18,1621.189941
2010-02-19,1593.900024
2010-02-22,1627.099976
2010-02-23,1628.900024
2010-02-24,1612.829956
2010-02-25,1587.51001
2010-02-26,1594.579956
2010-03-02,1615.119995
2010-03-03,1622.439941
2010-03-04,1618.199951
2010-03-05,1634.569946
2010-03-08,1660.040039
2010-03-09,1660.829956
2010-03-10,1662.23999
2010-03-11,1656.619995
2010-03-12,1662.73999
2010-03-15,1649.5
2010-03-16,1648.01001
2010-03-17,1682.859985
2010-03-18,1675.170044
2010-03-19,1686.109985
2010-03-22,1672.670044
2010-03-23,1681.819946
2010-03-24,1681.01001
2010-03-25,1688.390015
2010-03-26,1697.719971
2010-03-29,1691.98999
2010-03-30,1700.189941
2010-03-31,1692.849976
2010-04-01,1719.170044
2010-04-02,1723.48999
2010-04-05,1724.98999
2010-04-06,1726.089966
2010-04-07,1726.599976
2010-04-08,1733.780029
2010-04-09,1724.469971
2010-04-12,1710.300049
2010-04-13,1710.589966
2010-04-14,1735.329956
2010-04-15,1743.910034
2010-04-16,1734.48999
2010-04-19,1705.300049
2010-04-20,1718.030029
2010-04-21,1747.579956
2010-04-22,1739.52002
2010-04-23,1737.030029
2010-04-26,1752.199951
2010-04-27,1749.550049
2010-04-28,1733.910034
2010-04-29,1728.420044
2010-04-30,1741.560059
2010-05-03,1721.209961
2010-05-04,1718.75
2010-05-06,1684.709961
2010-05-07,1647.5
2010-05-10,1677.630005
2010-05-11,1670.23999
2010-05-12,1663.030029
2010-05-13,1694.579956
2010-05-14,1695.630005
2010-05-17,1651.51001
2010-05-18,1643.23999
2010-05-19,1630.079956
2010-05-20,1600.180054
2010-05-24,1604.930054
2010-05-25,1560.829956
2010-05-26,1582.119995
2010-05-27,1607.5
2010-05-28,1622.780029
2010-05-31,1641.25
2010-06-01,1630.400024
2010-06-03,1661.839966
2010-06-04,1664.130005
2010-06-07,1637.969971
2010-06-08,1651.47998
2010-06-09,1647.219971
2010-06-10,1651.699951
2010-06-11,1675.339966
2010-06-14,1690.599976
2010-06-15,1690.030029
2010-06-16,
2010-06-17,1707.920044
2010-06-18,1711.949951
2010-06-21,1739.680054
2010-06-22,1731.47998
2010-06-23,1725.819946
2010-06-24,1739.869995
2010-06-25,1729.839966
2010-06-28,1732.030029
2010-06-29,1707.76001
2010-06-30,1698.290039
2010-07-01,1686.23999
2010-07-02,1671.819946
2010-07-05,1675.369995
2010-07-06,1684.939941
2010-07-07,1675.650024
2010-07-08,1698.640015
2010-07-09,1723.01001
2010-07-12,1734.050049
2010-07-13,1735.079956
2010-07-14,1758.01001
2010-07-15,1751.290039
2010-07-16,1738.449951
2010-07-19,1731.949951
2010-07-20,1736.77002
2010-07-21,1748.780029
2010-07-22,1735.530029
2010-07-23,1758.060059
2010-07-26,1769.069946
2010-07-27,1768.310059
2010-07-28,1773.469971
2010-07-29,1770.880005
2010-07-30,1759.329956
2010-08-02,1782.27002
2010-08-03,1790.599976
2010-08-04,1789.26001
2010-08-05,1783.859985
2010-08-06,1783.829956
2010-08-09,1790.170044
2010-08-10,1781.130005
2010-08-11,1758.189941
2010-08-12,1721.75
2010-08-13,1746.23999
2010-08-16,1743.310059
2010-08-17,1755.030029
2010-08-18,1761.98999
2010-08-19,1779.640015
2010-08-20,1775.540039
2010-08-23,1767.709961
2010-08-24,1760.530029
2010-08-25,1734.790039
2010-08-26,1729.76001
2010-08-27,1729.560059
2010-08-30,1760.130005
2010-08-31,1742.75
2010-09-01,1764.689941
2010-09-02,1775.72998
2010-09-03,1780.02002
2010-09-06,1792.420044
2010-09-07,1787.73999
2010-09-08,1779.219971
2010-09-09,1784.359985
2010-09-10,1802.579956
2010-09-13,1818.859985
2010-09-14,1815.25
2010-09-15,1823.880005
2010-09-16,1811.849976
2010-09-17,1827.349976
2010-09-20,1832.630005
2010-09-24,1846.599976
2010-09-27,1860.829956
2010-09-28,1855.969971
2010-09-29,1866.449951
2010-09-30,1872.810059
2010-10-01,1876.72998
2010-10-04,1879.290039
2010-10-05,1878.939941
2010-10-06,1903.949951
2010-10-07,1900.849976
2010-10-08,1897.069946
2010-10-11,1889.910034
2010-10-12,1868.040039
2010-10-13,1876.150024
2010-10-14,1899.76001
2010-10-15,1902.290039
2010-10-18,1875.420044
2010-10-19,1857.319946
2010-10-20,1870.439941
2010-10-21,1874.689941
2010-10-22,1897.310059
2010-10-25,1915.709961
2010-10-26,1919.410034
2010-10-27,1909.540039
2010-10-28,1907.869995
2010-10-29,1882.949951
2010-11-01,1914.73999
2010-11-02,
2010-11-03,1935.969971
2010-11-04,1942.5
2010-11-05,1938.959961
2010-11-08,1942.410034
2010-11-09,1947.459961
2010-11-10,1967.849976
2010-11-11,1914.72998
2010-11-12,1913.119995
2010-11-15,1913.810059
2010-11-16,1899.130005
2010-11-17,1897.109985
2010-11-18,1927.859985
2010-11-19,1940.959961
2010-11-22,1944.339966
2010-11-23,1928.939941
2010-11-24,1925.97998
2010-11-25,1927.680054
2010-11-26,1901.800049
2010-11-29,1895.540039
2010-11-30,1904.630005
2010-12-01,1929.319946
2010-12-02,1950.26001
2010-12-03,1957.26001
2010-12-06,1953.640015
2010-12-07,1962.52002
2010-12-08,1955.719971
2010-12-09,1988.959961
2010-12-10,1986.140015
2010-12-13,1996.589966
2010-12-14,2009.050049
2010-12-15,2017.47998
2010-12-16,2009.23999
2010-12-17,2026.300049
2010-12-20,2020.280029
2010-12-21,2037.089966
2010-12-22,2038.109985
2010-12-23,2037.530029
2010-12-24,2029.599976
2010-12-27,2022.189941
2010-12-28,2033.319946
2010-12-29,2043.48999
2010-12-30,2051
2011-01-03,2070.080078
2011-01-04,2085.139893
2011-01-05,2082.550049
2011-01-06,2077.610107
2011-01-07,2086.199951
2011-01-10,2080.810059
2011-01-11,2088.320068
2011-01-12,2094.949951
2011-01-13,2089.47998
2011-01-14,2108.169922
2011-01-17,2099.850098
2011-01-18,2096.47998
2011-01-19,2115.689941
2011-01-20,2106.659912
2011-01-21,2069.919922
2011-01-24,2082.159912
2011-01-25,2086.669922
2011-01-26,2110.459961
2011-01-27,2115.01001
2011-01-28,2107.870117
2011-01-31,2069.72998
2011-02-01,2072.030029
2011-02-07,2081.73999
2011-02-08,2069.699951
2011-02-09,2045.579956
2011-02-10,2008.5
2011-02-11,1977.189941
2011-02-14,2014.589966
2011-02-15,
2011-02-16,1989.109985
2011-02-17,1977.219971
2011-02-18,2013.140015
2011-02-21,2005.300049
2011-02-22,1969.920044
2011-02-23,1961.630005
2011-02-24,1949.880005
2011-02-25,1963.430054
2011-02-28,1939.300049
2011-03-02,1928.23999
2011-03-03,1970.660034
2011-03-04,2004.680054
2011-03-07,1980.27002
2011-03-08,1996.319946
2011-03-09,2001.469971
2011-03-10,1981.579956
2011-03-11,1955.540039
2011-03-14,1971.22998
2011-03-15,1923.920044
2011-03-16,1957.969971
2011-03-17,1959.030029
2011-03-18,1981.130005
2011-03-21,2003.420044
2011-03-22,2013.660034
2011-03-23,2012.180054
2011-03-24,2036.780029
2011-03-25,2054.040039
2011-03-28,2056.389893
2011-03-29,2072.129883
2011-03-30,2091.379883
2011-03-31,2106.699951
2011-04-01,2121.01001
2011-04-04,2115.870117
2011-04-05,2130.429932
2011-04-06,2126.709961
2011-04-07,2122.139893
2011-04-08,2127.969971
2011-04-11,2122.389893
2011-04-12,2089.399902
2011-04-13,2121.919922
2011-04-14,2141.060059
2011-04-15,2140.5
2011-04-18,2137.719971
2011-04-19,2122.679932
2011-04-20,2169.909912
2011-04-21,2198.540039
2011-04-22,2197.820068
2011-04-25,2216
2011-04-26,2206.300049
2011-04-27,2206.699951
2011-04-28,2208.350098
2011-04-29,2192.360107
2011-05-02,2228.959961
2011-05-03,2200.72998
2011-05-04,2180.639893
2011-05-06,2147.449951
2011-05-09,2139.169922
2011-05-11,2166.629883
2011-05-12,2122.649902
2011-05-13,2120.080078
2011-05-16,2104.179932
2011-05-17,2102.409912
2011-05-18,2135.780029
2011-05-19,2095.51001
2011-05-20,2111.5
2011-05-23,2055.709961
2011-05-24,2061.76001
2011-05-25,2035.869995
2011-05-26,2091.909912
2011-05-27,2100.23999
2011-05-30,2093.790039
2011-05-31,2142.469971
2011-06-01,2141.340088
2011-06-02,2114.199951
2011-06-03,2113.469971
2011-06-07,2099.709961
2011-06-08,2083.350098
2011-06-09,2071.419922
2011-06-10,2046.670044
2011-06-13,2048.73999
2011-06-14,2076.830078
2011-06-15,2086.530029
2011-06-16,2046.630005
2011-06-17,2031.930054
2011-06-20,2019.650024
2011-06-21,2048.169922
2011-06-22,2063.899902
2011-06-23,2055.860107
2011-06-24,2090.810059
2011-06-27,2070.290039
2011-06-28,2062.909912
2011-06-29,2094.419922
2011-06-30,2100.689941
2011-07-01,2125.73999
2011-07-04,2145.300049
2011-07-05,2161.75
2011-07-06,2171.189941
2011-07-07,2180.590088
2011-07-08,2180.350098
2011-07-11,2157.159912
2011-07-12,2109.72998
2011-07-13,2129.639893
2011-07-14,2130.070068
2011-07-15,2145.199951
2011-07-18,2130.47998
2011-07-19,2130.209961
2011-07-20,2154.949951
2011-07-21,2145.040039
2011-07-22,2171.22998
2011-07-25,2150.47998
2011-07-26,2168.699951
2011-07-27,2174.310059
2011-07-28,2155.850098
2011-07-29,2133.209961
2011-08-01,2172.310059
2011-08-02,2121.27002
2011-08-03,2066.26001
2011-08-04,2018.469971
2011-08-05,1943.75
2011-08-08,1869.449951
2011-08-09,1801.349976
2011-08-10,1806.23999
2011-08-11,1817.439941
2011-08-12,1793.310059
2011-08-16,1879.869995
2011-08-17,1892.670044
2011-08-18,1860.579956
2011-08-19,1744.880005
2011-08-22,1710.699951
2011-08-23,1776.680054
2011-08-24,1754.780029
2011-08-25,1764.579956
2011-08-26,1778.949951
2011-08-29,1829.5
2011-08-30,1843.819946
2011-08-31,1880.109985
2011-09-01,1880.699951
2011-09-02,1867.75
2011-09-05,1785.829956
2011-09-06,1766.709961
2011-09-07,1833.459961
2011-09-08,1846.640015
2011-09-09,1812.930054
2011-09-14,1749.160034
2011-09-15,1774.079956
2011-09-16,1840.099976
2011-09-19,1820.939941
2011-09-20,1837.969971
2011-09-21,1854.280029
2011-09-22,1800.550049
2011-09-23,1697.439941
2011-09-26,1652.709961
2011-09-27,1735.709961
2011-09-28,1723.089966
2011-09-29,1769.290039
2011-09-30,1769.650024
2011-10-04,1706.189941
2011-10-05,1666.52002
2011-10-06,1710.319946
2011-10-07,1759.77002
2011-10-10,
2011-10-11,1795.02002
2011-10-12,1809.5
2011-10-13,1823.099976
2011-10-14,1835.400024
2011-10-17,1865.180054
2011-10-18,1838.900024
2011-10-19,1855.920044
2011-10-20,1805.089966
2011-10-21,1838.380005
2011-10-24,1898.319946
2011-10-25,1888.650024
2011-10-26,1894.310059
2011-10-27,1922.040039
2011-10-28,1929.47998
2011-10-31,1909.030029
2011-11-01,1909.630005
2011-11-02,1898.01001
2011-11-03,1869.959961
2011-11-04,1928.410034
2011-11-07,1919.099976
2011-11-08,1903.140015
2011-11-09,1907.530029
2011-11-10,1813.25
2011-11-11,1863.449951
2011-11-14,1902.810059
2011-11-15,1886.119995
2011-11-16,1856.069946
2011-11-17,1876.670044
2011-11-18,1839.170044
2011-11-21,1820.030029
2011-11-22,1826.280029
2011-11-23,1783.099976
2011-11-24,1795.060059
2011-11-25,1776.400024
2011-11-28,1815.280029
2011-11-29,1856.52002
2011-11-30,1847.51001
2011-12-01,1916.180054
2011-12-02,1916.040039
2011-12-05,1922.900024
2011-12-06,1902.819946
2011-12-07,1919.420044
2011-12-08,1912.390015
2011-12-09,1874.75
2011-12-12,1899.76001
2011-12-13,1864.060059
2011-12-14,1857.75
2011-12-15,1819.109985
2011-12-16,1839.959961
2011-12-19,1776.930054
2011-12-20,1793.060059
2011-12-21,1848.410034
2011-12-22,1847.48999
2011-12-23,1867.219971
2011-12-26,1856.699951
2011-12-27,1842.02002
2011-12-28,1825.119995
2011-12-29,1825.73999
2012-01-02,1826.369995
2012-01-03,1875.410034
2012-01-04,1866.219971
2012-01-05,1863.73999
2012-01-06,1843.140015
2012-01-09,1826.48999
2012-01-10,1853.219971
2012-01-11,1845.550049
2012-01-12,1864.569946
2012-01-13,1875.680054
2012-01-16,1859.27002
2012-01-17,1892.73999
2012-01-18,1892.390015
2012-01-19,1914.969971
2012-01-20,1949.890015
2012-01-25,1952.22998
2012-01-26,1957.180054
2012-01-27,1964.829956
2012-01-30,1940.550049
2012-01-31,1955.790039
2012-02-01,1959.23999
2012-02-02,1984.300049
2012-02-03,1972.339966
2012-02-06,1973.130005
2012-02-07,1981.589966
2012-02-08,2003.72998
2012-02-09,2014.619995
2012-02-10,1993.709961
2012-02-13,2005.73999
2012-02-14,2002.640015
2012-02-15,2025.319946
2012-02-16,1997.449951
2012-02-17,2023.469971
2012-02-20,2024.900024
2012-02-21,2024.23999
2012-02-22,2028.650024
2012-02-23,2007.800049
2012-02-24,2019.890015
2012-02-27,1991.160034
2012-02-28,2003.689941
2012-02-29,2030.25
2012-03-02,2034.630005
2012-03-05,2016.060059
2012-03-06,2000.359985
2012-03-07,1982.150024
2012-03-08,2000.76001
2012-03-09,2018.300049
2012-03-12,2002.5
2012-03-13,2025.040039
2012-03-14,2045.079956
2012-03-15,2043.76001
2012-03-16,2034.439941
2012-03-19,2047
2012-03-20,2042.150024
2012-03-21,2027.22998
2012-03-22,2026.119995
2012-03-23,2026.829956
2012-03-26,2019.189941
2012-03-27,2039.76001
2012-03-28,2031.73999
2012-03-29,2014.410034
2012-03-30,2014.040039
2012-04-02,2029.290039
2012-04-03,2049.280029
2012-04-04,2018.609985
2012-04-05,2028.77002
2012-04-06,2029.030029
2012-04-09,1997.079956
2012-04-10,1994.410034
2012-04-12,1986.630005
2012-04-13,2008.910034
2012-04-16,1992.630005
2012-04-17,1985.300049
2012-04-18,2004.530029
2012-04-19,1999.859985
2012-04-20,1974.650024
2012-04-23,1972.630005
2012-04-24,1963.420044
2012-04-25,1961.97998
2012-04-26,1964.040039
2012-04-27,1975.349976
2012-04-30,1981.98999
2012-05-02,1999.069946
2012-05-03,1995.109985
2012-05-04,1989.150024
2012-05-07,1956.439941
2012-05-08,1967.01001
2012-05-09,1950.290039
2012-05-10,1944.930054
2012-05-11,1917.130005
2012-05-14,1913.72998
2012-05-15,1898.959961
2012-05-16,1840.530029
2012-05-17,1845.23999
2012-05-18,1782.459961
2012-05-21,1799.130005
2012-05-22,1828.689941
2012-05-23,1808.619995
2012-05-24,1814.469971
2012-05-25,1824.170044
2012-05-29,1849.910034
2012-05-30,1844.859985
2012-05-31,1843.469971
2012-06-01,1834.51001
2012-06-04,1783.130005
2012-06-05,1801.849976
2012-06-07,1847.949951
2012-06-08,1835.640015
2012-06-11,1867.040039
2012-06-12,1854.73999
2012-06-13,1859.319946
2012-06-14,1871.47998
2012-06-15,1858.160034
2012-06-18,1891.709961
2012-06-19,1891.77002
2012-06-20,1904.119995
2012-06-21,1889.150024
2012-06-22,1847.390015
2012-06-25,1825.380005
2012-06-26,1817.810059
2012-06-27,1817.650024
2012-06-28,1819.180054
2012-06-29,1854.01001
2012-07-02,1851.650024
2012-07-03,1867.819946
2012-07-04,1874.449951
2012-07-05,1875.48999
2012-07-06,1858.199951
2012-07-09,1836.130005
2012-07-10,1829.449951
2012-07-11,1826.390015
2012-07-12,1785.390015
2012-07-13,1812.890015
2012-07-16,1817.790039
2012-07-17,1821.959961
2012-07-18,1794.910034
2012-07-19,1822.959961
2012-07-20,1822.930054
2012-07-23,1789.439941
2012-07-24,1793.930054
2012-07-25,1769.310059
2012-07-26,1782.469971
2012-07-27,1829.160034
2012-07-30,1843.790039
2012-07-31,1881.98999
2012-08-01,1879.930054
2012-08-02,1869.400024
2012-08-03,1848.680054
2012-08-06,1885.880005
2012-08-07,1886.800049
2012-08-08,1903.22998
2012-08-09,1940.589966
2012-08-10,1946.400024
2012-08-13,1932.439941
2012-08-14,1956.959961
2012-08-16,1957.910034
2012-08-17,1946.540039
2012-08-20,1946.310059
2012-08-21,1943.219971
2012-08-22,1935.189941
2012-08-23,1942.540039
2012-08-24,1919.810059
2012-08-27,1917.869995
2012-08-28,1916.329956
2012-08-29,1928.540039
2012-08-30,1906.380005
2012-08-31,1905.119995
2012-09-03,1912.709961
2012-09-04,1907.130005
2012-09-05,1874.030029
2012-09-06,1881.23999
2012-09-07,1929.579956
2012-09-10,1924.699951
2012-09-11,1920
2012-09-12,1950.030029
2012-09-13,1950.689941
2012-09-14,2007.579956
2012-09-17,2002.349976
2012-09-18,2004.959961
2012-09-19,2007.880005
2012-09-20,1990.329956
2012-09-21,2002.369995
2012-09-24,2003.439941
2012-09-25,1991.410034
2012-09-26,1980.439941
2012-09-27,1988.699951
2012-09-28,1996.209961
2012-10-02,1996.030029
2012-10-04,1992.680054
2012-10-05,1995.170044
2012-10-08,1981.890015
2012-10-09,1979.040039
2012-10-10,1948.219971
2012-10-11,1933.089966
2012-10-12,1933.26001
2012-10-15,1925.589966
2012-10-16,1941.540039
2012-10-17,1955.150024
2012-10-18,1959.119995
2012-10-19,1943.839966
2012-10-22,1941.589966
2012-10-23,1926.810059
2012-10-24,1913.959961
2012-10-25,1924.5
2012-10-26,1891.430054
2012-10-29,1891.52002
2012-10-30,1899.579956
2012-10-31,1912.060059
2012-11-01,1898.439941
2012-11-02,1918.719971
2012-11-05,1908.219971
2012-11-06,1928.170044
2012-11-07,1937.550049
2012-11-08,1914.410034
2012-11-09,1904.410034
2012-11-12,1900.869995
2012-11-13,1889.699951
2012-11-14,1894.040039
2012-11-15,1870.719971
2012-11-16,1860.829956
2012-11-19,1878.099976
2012-11-20,1890.180054
2012-11-21,1884.040039
2012-11-22,1899.5
2012-11-23,1911.329956
2012-11-26,1908.51001
2012-11-27,1925.199951
2012-11-28,1912.780029
2012-11-29,1934.849976
2012-11-30,1932.900024
2012-12-03,1940.02002
2012-12-04,1935.180054
2012-12-05,1947.040039
2012-12-06,1949.619995
2012-12-07,1957.449951
2012-12-10,1957.420044
2012-12-11,1964.619995
2012-12-12,1975.439941
2012-12-13,2002.77002
2012-12-14,1995.040039
2012-12-17,1983.069946
2012-12-18,1993.089966
2012-12-20,1999.5
2012-12-21,1980.420044
2012-12-24,1981.819946
2012-12-26,1982.25
2012-12-27,1987.349976
2012-12-28,1997.050049
2013-01-02,2031.099976
2013-01-03,2019.410034
2013-01-04,2011.939941
2013-01-07,2011.25
2013-01-08,1997.939941
2013-01-09,1991.810059
2013-01-10,2006.800049
2013-01-11,1996.670044
2013-01-14,2007.040039
2013-01-15,1983.73999
2013-01-16,1977.449951
2013-01-17,1974.27002
2013-01-18,1987.849976
2013-01-21,1986.859985
2013-01-22,1996.52002
2013-01-23,1980.410034
2013-01-24,1964.47998
2013-01-25,1946.689941
2013-01-28,1939.709961
2013-01-29,1955.959961
2013-01-30,1964.430054
2013-01-31,1961.939941
2013-02-01,1957.790039
2013-02-04,1953.209961
2013-02-05,1938.180054
2013-02-06,1936.189941
2013-02-07,1931.77002
2013-02-08,1950.900024
2013-02-12,1945.790039
2013-02-13,1976.069946
2013-02-14,1979.609985
2013-02-15,1981.180054
2013-02-18,1981.910034
2013-02-19,1985.829956
2013-02-20,2024.640015
2013-02-21,2015.219971
2013-02-22,2018.890015
2013-02-25,2009.52002
2013-02-26,2000.01001
2013-02-27,2004.040039
2013-02-28,2026.48999
2013-03-04,2013.150024
2013-03-05,2016.609985
2013-03-06,2020.73999
2013-03-07,2004.400024
2013-03-08,2006.01001
2013-03-11,2003.349976
2013-03-12,1993.339966
2013-03-13,1999.72998
2013-03-14,2002.130005
2013-03-15,1986.5
2013-03-18,1968.180054
2013-03-19,1978.560059
2013-03-20,1959.410034
2013-03-21,1950.819946
2013-03-22,1948.709961
2013-03-25,1977.670044
2013-03-26,1983.699951
2013-03-27,1993.439941
2013-03-28,1993.52002
2013-03-29,2004.890015
2013-04-01,1995.98999
2013-04-02,1986.150024
2013-04-03,1983.219971
2013-04-04,1959.449951
2013-04-05,1927.22998
2013-04-08,1918.689941
2013-04-09,1920.73999
2013-04-10,1935.579956
2013-04-11,1949.800049
2013-04-12,1924.22998
2013-04-15,1920.449951
2013-04-16,1922.209961
2013-04-17,1923.839966
2013-04-18,1900.060059
2013-04-19,1906.75
2013-04-22,1926.310059
2013-04-23,1918.630005
2013-04-24,1935.310059
2013-04-25,1951.599976
2013-04-26,1944.560059
2013-04-29,1940.699951
2013-04-30,1963.949951
2013-05-02,1957.209961
2013-05-03,1965.709961
2013-05-06,1961.47998
2013-05-07,1954.349976
2013-05-08,1956.449951
2013-05-09,1979.449951
2013-05-10,1944.75
2013-05-13,1948.699951
2013-05-14,1968.829956
2013-05-15,1971.26001
2013-05-16,1986.810059
2013-05-20,1982.430054
2013-05-21,1981.089966
2013-05-22,1993.829956
2013-05-23,1969.189941
2013-05-24,1973.449951
2013-05-27,1979.969971
2013-05-28,1986.219971
2013-05-29,2001.199951
2013-05-30,2000.099976
2013-05-31,2001.050049
2013-06-03,1989.569946
2013-06-04,1989.51001
2013-06-05,1959.189941
2013-06-07,1923.849976
2013-06-10,1932.699951
2013-06-11,1920.680054
2013-06-12,1909.910034
2013-06-13,1882.72998
2013-06-14,1889.23999
2013-06-17,1883.099976
2013-06-18,1900.619995
2013-06-19,1888.310059
2013-06-20,1850.48999
2013-06-21,1822.829956
2013-06-24,1799.01001
2013-06-25,1780.630005
2013-06-26,1783.449951
2013-06-27,1834.699951
2013-06-28,1863.319946
2013-07-01,1855.72998
2013-07-02,1855.02002
2013-07-03,1824.660034
2013-07-04,1839.140015
2013-07-05,1833.310059
2013-07-08,1816.849976
2013-07-09,1830.349976
2013-07-10,1824.160034
2013-07-11,1877.599976
2013-07-12,1869.97998
2013-07-15,1875.160034
2013-07-16,1866.359985
2013-07-17,1887.48999
2013-07-18,1875.47998
2013-07-19,1871.410034
2013-07-22,1880.349976
2013-07-23,1904.150024
2013-07-24,1912.079956
2013-07-25,1909.609985
2013-07-26,1910.810059
2013-07-29,1899.890015
2013-07-30,1917.050049
2013-07-31,1914.030029
2013-08-01,1920.73999
2013-08-02,1923.380005
2013-08-05,1916.219971
2013-08-06,1906.619995
2013-08-07,1878.329956
2013-08-08,1883.969971
2013-08-09,1880.709961
2013-08-12,1884.829956
2013-08-13,1913.030029
2013-08-14,1923.910034
2013-08-16,1920.109985
2013-08-19,1917.640015
2013-08-20,1887.849976
2013-08-21,1867.459961
2013-08-22,1849.119995
2013-08-23,1870.160034
2013-08-26,1887.859985
2013-08-27,1885.839966
2013-08-28,1884.52002
2013-08-29,1907.540039
2013-08-30,1926.359985
2013-09-02,1924.810059
2013-09-03,1933.73999
2013-09-04,1933.030029
2013-09-05,1951.650024
2013-09-06,1955.310059
2013-09-09,1974.670044
2013-09-10,1994.060059
2013-09-11,2003.849976
2013-09-12,2004.060059
2013-09-13,1994.319946
2013-09-16,2013.369995
2013-09-17,2005.579956
2013-09-23,2009.410034
2013-09-24,2007.099976
2013-09-25,1998.060059
2013-09-26,2007.319946
2013-09-27,2011.800049
2013-09-30,1996.959961
2013-10-01,1998.869995
2013-10-02,1999.469971
2013-10-04,1996.97998
2013-10-07,1994.420044
2013-10-08,2002.76001
2013-10-10,2001.400024
2013-10-11,2024.900024
2013-10-14,2020.27002
2013-10-15,2040.959961
2013-10-16,2034.609985
2013-10-17,2040.609985
2013-10-18,2052.399902
2013-10-21,2053.01001
2013-10-22,2056.120117
2013-10-23,2035.75
2013-10-24,2046.689941
2013-10-25,2034.390015
2013-10-28,2048.139893
2013-10-29,2051.76001
2013-10-30,2059.580078
2013-10-31,2030.089966
2013-11-01,2039.420044
2013-11-04,2025.170044
2013-11-05,2013.930054
2013-11-06,2013.670044
2013-11-07,2004.040039
2013-11-08,1984.869995
2013-11-11,1977.300049
2013-11-12,1995.47998
2013-11-13,1963.560059
2013-11-14,1967.560059
2013-11-15,2005.640015
2013-11-18,2010.810059
2013-11-19,2031.640015
2013-11-20,2017.23999
2013-11-21,1993.780029
2013-11-22,2006.22998
2013-11-25,2015.97998
2013-11-26,2022.640015
2013-11-27,2028.810059
2013-11-28,2045.77002
2013-11-29,2044.869995
2013-12-02,2030.780029
2013-12-03,2009.359985
2013-12-04,1986.800049
2013-12-05,1984.77002
2013-12-06,1980.410034
2013-12-09,2000.380005
2013-12-10,1993.449951
2013-12-11,1977.969971
2013-12-12,1967.930054
2013-12-13,1962.910034
2013-12-16,1961.150024
2013-12-17,1965.73999
2013-12-18,1974.630005
2013-12-19,1975.650024
2013-12-20,1983.349976
2013-12-23,1996.890015
2013-12-24,2001.589966
2013-12-26,1999.300049
2013-12-27,2002.280029
2013-12-30,2011.339966
2014-01-02,1967.189941
2014-01-03,1946.140015
2014-01-06,1953.280029
2014-01-07,1959.439941
2014-01-08,1958.959961
2014-01-09,1946.109985
2014-01-10,1938.540039
2014-01-13,1948.920044
2014-01-14,1946.069946
2014-01-15,1953.280029
2014-01-16,1957.319946
2014-01-17,1944.47998
2014-01-20,1953.780029
2014-01-21,1963.890015
2014-01-22,1970.420044
2014-01-23,1947.589966
2014-01-24,1940.560059
2014-01-27,1910.339966
2014-01-28,1916.930054
2014-01-29,1941.150024
2014-02-03,1919.959961
2014-02-04,1886.849976
2014-02-05,1891.319946
2014-02-06,1907.890015
2014-02-07,1922.5
2014-02-10,1923.300049
2014-02-11,1932.060059
2014-02-12,1935.839966
2014-02-13,1926.959961
2014-02-14,1940.280029
2014-02-17,1946.359985
2014-02-18,1946.910034
2014-02-19,1942.930054
2014-02-20,1930.569946
2014-02-21,1957.829956
2014-02-24,1949.050049
2014-02-25,1964.859985
2014-02-26,1970.77002
2014-02-27,1978.430054
2014-02-28,1979.98999
2014-03-03,1964.689941
2014-03-04,1954.109985
2014-03-05,1971.23999
2014-03-06,1975.619995
2014-03-07,1974.680054
2014-03-10,1954.420044
2014-03-11,1963.869995
2014-03-12,1932.540039
2014-03-13,1934.380005
2014-03-14,1919.900024
2014-03-17,1927.530029
2014-03-18,1940.209961
2014-03-19,1937.680054
2014-03-20,1919.52002
2014-03-21,1934.939941
2014-03-24,1945.550049
2014-03-25,1941.25
2014-03-26,1964.310059
2014-03-27,1977.969971
2014-03-28,1981
2014-03-31,1985.609985
2014-04-01,1991.97998
2014-04-02,1997.25
2014-04-03,1993.699951
2014-04-04,1988.089966
2014-04-07,1989.699951
2014-04-08,1993.030029
2014-04-09,1998.949951
2014-04-10,2008.609985
2014-04-11,1997.439941
2014-04-14,1997.02002
2014-04-15,1992.27002
2014-04-16,1992.209961
2014-04-17,1992.050049
2014-04-18,2004.280029
2014-04-21,1999.219971
2014-04-22,2004.219971
2014-04-23,2000.369995
2014-04-24,1998.339966
2014-04-25,1971.660034
2014-04-28,1969.26001
2014-04-29,1964.77002
2014-04-30,1961.790039
2014-05-02,1959.439941
2014-05-07,1939.880005
2014-05-08,1950.599976
2014-05-09,1956.550049
2014-05-12,1964.939941
2014-05-13,1982.930054
2014-05-14,2010.829956
2014-05-15,2010.199951
2014-05-16,2013.439941
2014-05-19,2015.140015
2014-05-20,2011.26001
2014-05-21,2008.329956
2014-05-22,2015.589966
2014-05-23,2017.170044
2014-05-26,2010.349976
2014-05-27,1997.630005
2014-05-28,2017.060059
2014-05-29,2012.26001
2014-05-30,1994.959961
2014-06-02,2002
2014-06-03,2008.560059
2014-06-05,1995.47998
2014-06-09,1990.040039
2014-06-10,2011.800049
2014-06-11,2014.670044
2014-06-12,2011.650024
2014-06-13,1990.849976
2014-06-16,1993.589966
2014-06-17,2001.550049
2014-06-18,1989.48999
2014-06-19,1992.030029
2014-06-20,1968.069946
2014-06-23,1974.920044
2014-06-24,1994.349976
2014-06-25,1981.77002
2014-06-26,1995.050049
2014-06-27,1988.51001
2014-06-30,2002.209961
2014-07-01,1999
2014-07-02,2015.280029
2014-07-03,2010.969971
2014-07-04,2009.660034
2014-07-07,2005.119995
2014-07-08,2006.660034
2014-07-09,2000.5
2014-07-10,2002.839966
2014-07-11,1988.73999
2014-07-14,1993.880005
2014-07-15,2012.719971
2014-07-16,2013.47998
2014-07-17,2020.900024
2014-07-18,2019.420044
2014-07-21,2018.5
2014-07-22,2028.930054
2014-07-23,2028.319946
2014-07-24,2026.619995
2014-07-25,2033.849976
2014-07-28,2048.810059
2014-07-29,2061.969971
2014-07-30,2082.610107
2014-07-31,2076.120117
2014-08-01,2073.100098
2014-08-04,2080.419922
2014-08-05,2066.26001
2014-08-06,2060.72998
2014-08-07,2054.51001
2014-08-08,2031.099976
2014-08-11,2039.369995
2014-08-12,2041.469971
2014-08-13,2062.360107
2014-08-14,2063.219971
2014-08-18,2053.129883
2014-08-19,2071.139893
2014-08-20,2072.780029
2014-08-21,2044.209961
2014-08-22,2056.699951
2014-08-25,2060.889893
2014-08-26,2068.050049
2014-08-27,2074.929932
2014-08-28,2075.76001
2014-08-29,2068.540039
2014-09-01,2067.860107
2014-09-02,2051.580078
2014-09-03,2051.199951
2014-09-04,2056.26001
2014-09-05,2049.409912
2014-09-11,2034.160034
2014-09-12,2041.859985
2014-09-15,2035.819946
2014-09-16,2042.920044
2014-09-17,2062.610107
2014-09-18,2047.73999
2014-09-19,2053.820068
2014-09-22,2039.27002
2014-09-23,2028.910034
2014-09-24,2035.640015
2014-09-25,2034.109985
2014-09-26,2031.640015
2014-09-29,2026.599976
2014-09-30,2020.089966
2014-10-01,1991.540039
2014-10-02,1976.160034
2014-10-06,1968.390015
2014-10-07,1972.910034
2014-10-08,1965.25
2014-10-10,1940.920044
2014-10-13,1927.209961
2014-10-14,1929.25
2014-10-15,1925.910034
2014-10-16,1918.829956
2014-10-17,1900.660034
2014-10-20,1930.060059
2014-10-21,1915.280029
2014-10-22,1936.969971
2014-10-23,1931.650024
2014-10-24,1925.689941
2014-10-27,1931.969971
2014-10-28,1925.680054
2014-10-29,1961.170044
2014-10-30,1958.930054
2014-10-31,1964.430054
2014-11-03,1952.969971
2014-11-04,1935.189941
2014-11-05,1931.430054
2014-11-06,1936.47998
2014-11-07,1939.869995
2014-11-10,1958.22998
2014-11-11,1963
2014-11-12,1967.27002
2014-11-13,1960.51001
2014-11-14,1945.140015
2014-11-17,1943.630005
2014-11-18,1967.01001
2014-11-19,1966.869995
2014-11-20,1958.040039
2014-11-21,1964.839966
2014-11-24,1978.540039
2014-11-25,1980.209961
2014-11-26,1980.839966
2014-11-27,1982.089966
2014-11-28,1980.780029
2014-12-01,1965.219971
2014-12-02,1965.829956
2014-12-03,1969.910034
2014-12-04,1986.609985
2014-12-05,1986.619995
2014-12-08,1978.949951
2014-12-09,1970.949951
2014-12-10,1945.560059
2014-12-11,1916.589966
2014-12-12,1921.709961
2014-12-15,1920.359985
2014-12-16,1904.130005
2014-12-17,1900.160034
2014-12-18,1897.5
2014-12-19,1929.97998
2014-12-22,1943.119995
2014-12-23,1939.02002
2014-12-24,1946.609985
2014-12-26,1948.160034
2014-12-29,1927.859985
2014-12-30,1915.589966
2015-01-02,1926.439941
2015-01-05,1915.75
2015-01-06,1882.449951
2015-01-07,1883.829956
2015-01-08,1904.650024
2015-01-09,1924.699951
2015-01-12,1920.949951
2015-01-13,1917.140015
2015-01-14,1913.660034
2015-01-15,1914.140015
2015-01-16,1888.130005
2015-01-19,1902.619995
2015-01-20,1918.310059
2015-01-21,1921.22998
2015-01-22,1920.819946
2015-01-23,1936.089966
2015-01-26,1935.680054
2015-01-27,1952.400024
2015-01-28,1961.579956
2015-01-29,1951.02002
2015-01-30,1949.26001
2015-02-02,1952.680054
2015-02-03,1951.959961
2015-02-04,1962.790039
2015-02-05,1952.839966
2015-02-06,1955.52002
2015-02-09,1947
2015-02-10,1935.859985
2015-02-11,1945.699951
2015-02-12,1941.630005
2015-02-13,1957.5
2015-02-16,1958.22998
2015-02-17,1961.449951
2015-02-23,1968.390015
2015-02-24,1976.119995
2015-02-25,1990.469971
2015-02-26,1993.079956
2015-02-27,1985.800049
2015-03-02,1996.810059
2015-03-03,2001.380005
2015-03-04,1998.290039
2015-03-05,1998.380005
2015-03-06,2012.939941
2015-03-09,1992.819946
2015-03-10,1984.77002
2015-03-11,1980.829956
2015-03-12,1970.589966
2015-03-13,1985.790039
2015-03-16,1987.329956
2015-03-17,2029.910034
2015-03-18,2028.449951
2015-03-19,2037.890015
2015-03-20,2037.23999
2015-03-23,2036.589966
2015-03-24,2041.369995
2015-03-25,2042.810059
2015-03-26,2022.560059
2015-03-27,2019.800049
2015-03-30,2030.040039
2015-03-31,2041.030029
2015-04-01,2028.449951
2015-04-02,2029.069946
2015-04-03,2045.420044
2015-04-06,2046.430054
2015-04-07,2047.030029
2015-04-08,2059.26001
2015-04-09,2058.870117
2015-04-10,2087.76001
2015-04-13,2098.919922
2015-04-14,2111.719971
2015-04-15,2119.959961
2015-04-16,2139.899902
2015-04-17,2143.5
2015-04-20,2146.709961
2015-04-21,2144.790039
2015-04-22,2143.889893
2015-04-23,2173.409912
2015-04-24,2159.800049
2015-04-27,2157.540039
2015-04-28,2147.669922
2015-04-29,2142.629883
2015-04-30,2127.169922
2015-05-04,2132.22998
2015-05-06,2104.580078
2015-05-07,2091
2015-05-08,2085.52002
2015-05-11,2097.379883
2015-05-12,2096.77002
2015-05-13,2114.159912
2015-05-14,2120.330078
2015-05-15,2106.5
2015-05-18,2113.719971
2015-05-19,2120.850098
2015-05-20,2139.540039
2015-05-21,2122.810059
2015-05-22,2146.100098
2015-05-26,2143.5
2015-05-27,2107.5
2015-05-28,2110.889893
2015-05-29,2114.800049
2015-06-01,2102.370117
2015-06-02,2078.639893
2015-06-03,2063.159912
2015-06-04,2072.860107
2015-06-05,2068.100098
2015-06-08,2065.189941
2015-06-09,2064.030029
2015-06-10,2051.320068
2015-06-11,2056.610107
2015-06-12,2052.169922
2015-06-15,2042.319946
2015-06-16,2028.719971
2015-06-17,2034.859985
2015-06-18,2041.880005
2015-06-19,2046.959961
2015-06-22,2055.159912
2015-06-23,2081.199951
2015-06-24,2085.530029
2015-06-25,2085.060059
2015-06-26,2090.26001
2015-06-29,2060.48999
2015-06-30,2074.199951
2015-07-01,2097.889893
2015-07-02,2107.330078
2015-07-03,2104.409912
2015-07-06,2053.929932
2015-07-07,2040.290039
2015-07-08,2016.209961
2015-07-09,2027.810059
2015-07-10,2031.170044
2015-07-13,2061.52002
2015-07-14,2059.22998
2015-07-15,2072.909912
2015-07-16,2087.889893
2015-07-17,2076.790039
2015-07-20,2073.310059
2015-07-21,2083.620117
2015-07-22,2064.72998
2015-07-23,2065.070068
2015-07-24,2045.959961
2015-07-27,2038.810059
2015-07-28,2039.099976
2015-07-29,2037.619995
2015-07-30,2019.030029
2015-07-31,2030.160034
2015-08-03,2008.48999
2015-08-04,2027.98999
2015-08-05,2029.76001
2015-08-06,2013.290039
2015-08-07,2010.22998
2015-08-10,2003.170044
2015-08-11,1986.650024
2015-08-12,1975.469971
2015-08-13,1983.459961
2015-08-14,
2015-08-17,1968.52002
2015-08-18,1956.26001
2015-08-19,1939.380005
2015-08-20,1914.550049
2015-08-21,1876.069946
2015-08-24,1829.810059
2015-08-25,1846.630005
2015-08-26,1894.089966
2015-08-27,1908
2015-08-28,1937.670044
2015-08-31,1941.48999
2015-09-01,1914.22998
2015-09-02,1915.219971
2015-09-03,1915.530029
2015-09-04,1886.040039
2015-09-07,1883.219971
2015-09-08,1878.680054
2015-09-09,1934.199951
2015-09-10,1962.109985
2015-09-11,1941.369995
2015-09-14,1931.459961
2015-09-15,1937.560059
2015-09-16,1975.449951
2015-09-17,1976.48999
2015-09-18,1995.949951
2015-09-21,1964.680054
2015-09-22,1982.060059
2015-09-23,1944.640015
2015-09-24,1947.099976
2015-09-25,1942.849976
2015-09-30,1962.810059
2015-10-01,1979.319946
2015-10-02,1969.680054
2015-10-05,1978.25
2015-10-06,1990.650024
2015-10-07,2005.839966
2015-10-08,2019.530029
2015-10-12,2021.630005
2015-10-13,2019.050049
2015-10-14,2009.550049
2015-10-15,2033.27002
2015-10-16,2030.26001
2015-10-19,2030.27002
2015-10-20,2039.359985
2015-10-21,2042.97998
2015-10-22,2023
2015-10-23,2040.400024
2015-10-26,2048.080078
2015-10-27,2044.650024
2015-10-28,2042.51001
2015-10-29,2034.160034
2015-10-30,2029.469971
2015-11-02,2035.23999
2015-11-03,2048.399902
2015-11-04,2052.77002
2015-11-05,2049.409912
2015-11-06,2041.069946
2015-11-09,2025.699951
2015-11-10,1996.589966
2015-11-11,1997.27002
2015-11-12,1993.359985
2015-11-13,1973.290039
2015-11-16,1943.02002
2015-11-17,1963.579956
2015-11-18,1962.880005
2015-11-19,1988.910034
2015-11-20,1989.859985
2015-11-23,2003.699951
2015-11-24,2016.290039
2015-11-25,2009.420044
2015-11-26,2030.680054
2015-11-27,2028.98999
2015-11-30,1991.969971
2015-12-01,2023.930054
2015-12-02,2009.290039
2015-12-03,1994.069946
2015-12-04,1974.400024
2015-12-07,1963.670044
2015-12-08,1949.040039
2015-12-09,1948.23999
2015-12-10,1952.069946
2015-12-11,1948.619995
2015-12-14,1927.819946
2015-12-15,1932.969971
2015-12-16,1969.400024
2015-12-17,1977.959961
2015-12-18,1975.319946
2015-12-21,1981.189941
2015-12-22,1992.560059
2015-12-23,1999.219971
2015-12-24,1990.650024
2015-12-28,1964.060059
2015-12-29,1966.310059
2015-12-30,1961.310059
2016-01-04,1918.76001
2016-01-05,1930.530029
2016-01-06,1925.430054
2016-01-07,1904.329956
2016-01-08,1917.619995
2016-01-11,1894.839966
2016-01-12,1890.859985
2016-01-13,1916.280029
2016-01-14,1900.01001
2016-01-15,1878.869995
2016-01-18,1878.449951
2016-01-19,1889.640015
2016-01-20,1845.449951
2016-01-21,1840.530029
2016-01-22,1879.430054
2016-01-25,1893.430054
2016-01-26,1871.689941
2016-01-27,1897.869995
2016-01-28,1906.939941
2016-01-29,1912.060059
2016-02-01,1924.819946
2016-02-02,1906.599976
2016-02-03,1890.670044
2016-02-04,1916.26001
2016-02-05,1917.790039
2016-02-11,1861.540039
2016-02-12,1835.280029
2016-02-15,1862.199951
2016-02-16,1888.300049
2016-02-17,1883.939941
2016-02-18,1908.839966
2016-02-19,1916.23999
2016-02-22,1916.359985
2016-02-23,1914.219971
2016-02-24,1912.530029
2016-02-25,1918.569946
2016-02-26,1920.160034
2016-02-29,1916.660034
2016-03-02,1947.420044
2016-03-03,1958.170044
2016-03-04,1955.630005
2016-03-07,1957.869995
2016-03-08,1946.119995
2016-03-09,1952.949951
2016-03-10,1969.329956
2016-03-11,1971.410034
2016-03-14,1972.27002
2016-03-15,1969.969971
2016-03-16,1974.900024
2016-03-17,1987.98999
2016-03-18,1992.119995
2016-03-21,1989.76001
2016-03-22,1996.810059
2016-03-23,1995.119995
2016-03-24,1985.969971
2016-03-25,1983.810059
2016-03-28,1982.540039
2016-03-29,1994.910034
2016-03-30,2002.140015
2016-03-31,1995.849976
2016-04-01,1973.569946
2016-04-04,1978.969971
2016-04-05,1962.73999
2016-04-06,1971.319946
2016-04-07,1973.890015
2016-04-08,1972.050049
2016-04-11,1970.369995
2016-04-12,1981.319946
2016-04-14,2015.930054
2016-04-15,2014.709961
2016-04-18,2009.099976
2016-04-19,2011.359985
2016-04-20,2005.829956
2016-04-21,2022.099976
2016-04-22,2015.48999
2016-04-25,2014.550049
2016-04-26,2019.630005
2016-04-27,2015.400024
2016-04-28,2000.930054
2016-04-29,1994.150024
2016-05-02,1978.150024
2016-05-03,1986.410034
2016-05-04,1976.709961
2016-05-09,1967.810059
2016-05-10,1982.5
2016-05-11,1980.099976
2016-05-12,1977.48999
2016-05-13,1966.98999
2016-05-16,1967.910034
2016-05-17,1968.060059
2016-05-18,1956.72998
2016-05-19,1946.780029
2016-05-20,1947.670044
2016-05-23,1955.25
2016-05-24,1937.680054
2016-05-25,1960.51001
2016-05-26,1957.060059
2016-05-27,1969.170044
2016-05-30,1967.130005
2016-05-31,1983.400024
2016-06-01,1982.719971
2016-06-02,1985.109985
2016-06-03,1985.839966
2016-06-07,2011.630005
2016-06-08,2027.079956
2016-06-09,2024.170044
2016-06-10,2017.630005
2016-06-13,1979.060059
2016-06-14,1972.030029
2016-06-15,1968.829956
2016-06-16,1951.98999
2016-06-17,1953.400024
2016-06-20,1981.119995
2016-06-21,1982.699951
2016-06-22,1992.579956
2016-06-23,1986.709961
2016-06-24,1925.23999
2016-06-27,1926.849976
2016-06-28,1936.219971
2016-06-29,1956.359985
2016-06-30,1970.349976
2016-07-01,1987.319946
2016-07-04,1995.300049
2016-07-05,1989.849976
2016-07-06,1953.119995
2016-07-07,1974.079956
2016-07-08,1963.099976
2016-07-11,1988.540039
2016-07-12,1991.22998
2016-07-13,2005.550049
2016-07-14,2008.77002
2016-07-15,2017.26001
2016-07-18,2021.109985
2016-07-19,2016.890015
2016-07-20,2015.459961
2016-07-21,2012.219971
2016-07-22,2010.339966
2016-07-25,2012.319946
2016-07-26,2027.339966
2016-07-27,2025.050049
2016-07-28,2021.099976
2016-07-29,2016.189941
2016-08-01,2029.609985
2016-08-02,2019.030029
2016-08-03,1994.790039
2016-08-04,2000.030029
2016-08-05,2017.939941
2016-08-08,2031.119995
2016-08-09,2043.780029
2016-08-10,2044.640015
2016-08-11,2048.800049
2016-08-12,2050.469971
2016-08-16,2047.76001
2016-08-17,2043.75
2016-08-18,2055.469971
2016-08-19,2056.23999
2016-08-22,2042.160034
2016-08-23,2049.929932
2016-08-24,2043.76001
2016-08-25,2042.920044
2016-08-26,2037.5
2016-08-29,2032.349976
2016-08-30,2039.73999
2016-08-31,2034.650024
2016-09-01,2032.719971
2016-09-02,2038.310059
2016-09-05,2060.080078
2016-09-06,2066.530029
2016-09-07,2061.879883
2016-09-08,2063.72998
2016-09-09,2037.869995
2016-09-12,1991.47998
2016-09-13,1999.359985
2016-09-19,2015.780029
2016-09-20,2025.709961
2016-09-21,2035.98999
2016-09-22,2049.699951
2016-09-23,2054.070068
2016-09-26,2047.109985
2016-09-27,2062.820068
2016-09-28,2053.060059
2016-09-29,2068.719971
2016-09-30,2043.630005
2016-10-04,2054.860107
2016-10-05,2053
2016-10-06,2065.300049
2016-10-07,2053.800049
2016-10-10,2056.820068
2016-10-11,2031.930054
2016-10-12,2033.72998
2016-10-13,2015.439941
2016-10-14,2022.660034
2016-10-17,2027.609985
2016-10-18,2040.430054
2016-10-19,2040.939941
2016-10-20,2040.599976
2016-10-21,2033
2016-10-24,2047.73999
2016-10-25,2037.170044
2016-10-26,2013.890015
2016-10-27,2024.119995
2016-10-28,2019.420044
2016-10-31,2008.189941
2016-11-01,2007.390015
2016-11-02,1978.939941
2016-11-03,1983.800049
2016-11-04,1982.02002
2016-11-07,1997.579956
2016-11-08,2003.380005
2016-11-09,1958.380005
2016-11-10,2002.599976
2016-11-11,1984.430054
2016-11-14,1974.400024
2016-11-15,1967.530029
2016-11-16,1979.650024
2016-11-17,1980.550049
2016-11-18,1974.579956
2016-11-21,1966.050049
2016-11-22,1983.469971
2016-11-23,1987.949951
2016-11-24,1971.26001
2016-11-25,1974.459961
2016-11-28,1978.130005
2016-11-29,1978.390015
2016-11-30,1983.47998
2016-12-01,1983.75
2016-12-02,1970.609985
2016-12-05,1963.359985
2016-12-06,1989.859985
2016-12-07,1991.890015
2016-12-08,2031.069946
2016-12-09,2024.689941
2016-12-12,2027.23999
2016-12-13,2035.97998
2016-12-14,2036.869995
2016-12-15,2036.650024
2016-12-16,2042.23999
2016-12-19,2038.390015
2016-12-20,2041.939941
2016-12-21,2037.959961
2016-12-22,2035.72998
2016-12-23,2035.900024
2016-12-26,2037.75
2016-12-27,2042.170044
2016-12-28,2024.48999
2016-12-29,2026.459961
2017-01-02,
2017-01-03,2043.969971
2017-01-04,2045.640015
2017-01-05,2041.949951
2017-01-06,2049.120117
2017-01-09,2048.780029
2017-01-10,2045.119995
2017-01-11,2075.169922
2017-01-12,2087.139893
2017-01-13,2076.790039
2017-01-16,2064.169922
2017-01-17,2071.870117
2017-01-18,2070.540039
2017-01-19,2072.790039
2017-01-20,2065.610107
2017-01-23,2065.98999
2017-01-24,2065.76001
2017-01-25,2066.939941
2017-01-26,2083.590088
2017-01-31,2067.570068
2017-02-01,2080.47998
2017-02-02,2071.01001
2017-02-03,2073.159912
2017-02-06,2077.659912
2017-02-07,2075.209961
2017-02-08,2065.080078
2017-02-09,2065.879883
2017-02-10,2075.080078
2017-02-13,2078.649902
2017-02-14,2074.570068
2017-02-15,2083.860107
2017-02-16,2081.840088
2017-02-17,2080.580078
2017-02-20,2084.389893
2017-02-21,2102.929932
2017-02-22,2106.610107
2017-02-23,2107.629883
2017-02-24,2094.120117
2017-02-27,2085.52002
2017-02-28,2091.639893
2017-03-02,2102.649902
2017-03-03,2078.75
2017-03-06,2081.360107
2017-03-07,2094.050049
2017-03-08,2095.409912
2017-03-09,2091.060059
2017-03-10,2097.350098
2017-03-13,2117.590088
2017-03-14,2133.780029
2017-03-15,2133
2017-03-16,2150.080078
2017-03-17,2164.580078
2017-03-20,2157.01001
2017-03-21,2178.379883
2017-03-22,2168.300049
2017-03-23,2172.719971
2017-03-24,2168.949951
2017-03-27,2155.659912
2017-03-28,2163.310059
2017-03-29,2166.97998
2017-03-30,2164.639893
2017-03-31,2160.22998
2017-04-03,2167.51001
2017-04-04,2161.100098
2017-04-05,2160.850098
2017-04-06,2152.75
2017-04-07,2151.72998
2017-04-10,2133.320068
2017-04-11,2123.850098
2017-04-12,2128.909912
2017-04-13,2148.610107
2017-04-14,2134.879883
2017-04-17,2145.76001
2017-04-18,2148.459961
2017-04-19,2138.399902
2017-04-20,2149.149902
2017-04-21,2165.040039
2017-04-24,2173.73999
2017-04-25,2196.850098
2017-04-26,2207.840088
2017-04-27,2209.459961
2017-04-28,2205.439941
2017-05-02,2219.669922
2017-05-04,2241.23999
2017-05-08,2292.76001
2017-05-10,2270.120117
2017-05-11,2296.370117
2017-05-12,2286.02002
2017-05-15,2290.649902
2017-05-16,2295.330078
2017-05-17,2293.080078
2017-05-18,2286.820068
2017-05-19,2288.47998
2017-05-22,2304.030029
2017-05-23,2311.73999
2017-05-24,2317.340088
2017-05-25,2342.929932
2017-05-26,2355.300049
2017-05-29,2352.969971
2017-05-30,2343.679932
2017-05-31,2347.379883
2017-06-01,2344.610107
2017-06-02,2371.719971
2017-06-05,2368.620117
2017-06-07,2360.139893
2017-06-08,2363.570068
2017-06-09,2381.689941
2017-06-12,2357.870117
2017-06-13,2374.699951
2017-06-14,2372.639893
2017-06-15,2361.649902
2017-06-16,2361.830078
2017-06-19,2370.899902
2017-06-20,2369.22998
2017-06-21,2357.530029
2017-06-22,2370.370117
2017-06-23,2378.600098
2017-06-26,2388.659912
2017-06-27,2391.949951
2017-06-28,2382.560059
2017-06-29,2395.659912
2017-06-30,2391.790039
2017-07-03,2394.47998
2017-07-04,2380.52002
2017-07-05,2388.350098
2017-07-06,2387.810059
2017-07-07,2379.870117
2017-07-10,2382.100098
2017-07-11,2396
2017-07-12,2391.77002
2017-07-13,2409.48999
2017-07-14,2414.629883
2017-07-17,2425.100098
2017-07-18,2426.040039
2017-07-19,2429.939941
2017-07-20,2441.840088
2017-07-21,2450.060059
2017-07-24,2451.530029
2017-07-25,2439.899902
2017-07-26,2434.51001
2017-07-27,2443.23999
2017-07-28,2400.98999
2017-07-31,2402.709961
2017-08-01,2422.959961
2017-08-02,2427.629883
2017-08-03,2386.850098
2017-08-04,2395.449951
2017-08-07,2398.75
2017-08-08,2394.72998
2017-08-09,2368.389893
2017-08-10,2359.469971
2017-08-11,2319.709961
2017-08-14,2334.219971
2017-08-16,2348.26001
2017-08-17,2361.669922
2017-08-18,2358.370117
2017-08-21,2355
2017-08-22,2365.330078
2017-08-23,2366.399902
2017-08-24,2375.840088
2017-08-25,2378.51001
2017-08-28,2370.300049
2017-08-29,2364.73999
2017-08-30,2372.290039
2017-08-31,2363.189941
2017-09-01,2357.689941
2017-09-04,
2017-09-05,2326.620117
2017-09-06,2319.820068
2017-09-07,2346.189941
2017-09-08,2343.719971
2017-09-11,2359.080078
2017-09-12,2365.469971
2017-09-13,2360.179932
2017-09-14,2377.659912
2017-09-15,2386.070068
2017-09-18,2418.209961
2017-09-19,2416.050049
2017-09-20,2412.199951
2017-09-21,2406.5
2017-09-25,2380.399902
2017-09-26,2374.320068
2017-09-27,2372.570068
2017-09-28,2373.139893
2017-09-29,2394.469971
2017-10-10,2433.810059
2017-10-11,2458.159912
2017-10-12,2474.76001
2017-10-13,2473.620117
2017-10-16,2480.050049
2017-10-17,2484.370117
2017-10-18,2482.909912
2017-10-19,2473.060059
2017-10-20,2489.540039
2017-10-23,2490.050049
2017-10-24,2490.48999
2017-10-25,2492.5
2017-10-26,2480.629883
2017-10-27,2496.629883
2017-10-30,2501.929932
2017-10-31,2523.429932
2017-11-01,2556.469971
2017-11-02,2546.360107
2017-11-03,2557.969971
2017-11-06,2549.409912
2017-11-07,2545.439941
2017-11-08,2552.399902
2017-11-09,2550.570068
2017-11-10,2542.949951
2017-11-13,2530.350098
2017-11-14,2526.639893
2017-11-15,2518.25
2017-11-16,2534.790039
2017-11-17,2533.98999
2017-11-20,2527.669922
2017-11-21,2530.699951
2017-11-22,2540.51001
2017-11-23,2537.149902
2017-11-24,2544.330078
2017-11-27,2507.810059
2017-11-28,2514.189941
2017-11-29,2512.899902
2017-11-30,2476.370117
2017-12-01,2475.409912
2017-12-04,2501.669922
2017-12-05,2510.120117
2017-12-06,2474.370117
2017-12-07,2461.97998
2017-12-08,2464
2017-12-11,2471.48999
2017-12-12,2461
2017-12-13,2480.550049
2017-12-14,2469.47998
2017-12-15,2482.070068
2017-12-18,2481.879883
2017-12-19,2478.530029
2017-12-21,2429.830078
2017-12-22,2440.540039
2017-12-26,2427.340088
2017-12-27,2436.669922
2017-12-28,2467.48999
2018-01-02,2479.649902
2018-01-03,2486.350098
2018-01-04,2466.459961
2018-01-05,2497.52002
2018-01-08,2513.280029
2018-01-09,2510.22998
2018-01-10,2499.75
2018-01-11,2487.909912
2018-01-12,2496.419922
2018-01-15,2503.72998
2018-01-16,2521.73999
2018-01-17,2515.429932
2018-01-18,2515.810059
2018-01-19,2520.26001
2018-01-22,2502.110107
2018-01-23,2536.600098
2018-01-24,2538
2018-01-25,2562.22998
2018-01-26,2574.76001
2018-01-29,2598.189941
2018-01-30,2567.73999
2018-01-31,2566.459961
2018-02-01,2568.540039
2018-02-02,2525.389893
2018-02-05,2491.75
2018-02-06,2453.310059
2018-02-07,2396.560059
2018-02-08,2407.620117
2018-02-09,2363.77002
2018-02-12,2385.379883
2018-02-13,2395.189941
2018-02-14,2421.830078
2018-02-19,2442.820068
2018-02-20,2415.120117
2018-02-21,2429.649902
2018-02-22,2414.280029
2018-02-23,2451.52002
2018-02-26,2457.649902
2018-02-27,2456.139893
2018-02-28,2427.360107
2018-03-02,2402.159912
2018-03-05,2375.060059
2018-03-06,2411.409912
2018-03-07,2401.820068
2018-03-08,2433.080078
2018-03-09,2459.449951
2018-03-12,2484.120117
2018-03-13,2494.48999
2018-03-14,2486.080078
2018-03-15,2492.379883
2018-03-16,2493.969971
2018-03-19,2475.030029
2018-03-20,2485.52002
2018-03-21,2484.969971
2018-03-22,2496.02002
2018-03-23,2416.76001
2018-03-26,2437.080078
2018-03-27,2452.060059
2018-03-28,2419.290039
2018-03-29,2436.370117
2018-03-30,2445.850098
2018-04-02,2444.159912
2018-04-03,2442.429932
2018-04-04,2408.060059
2018-04-05,2437.52002
2018-04-06,2429.580078
2018-04-09,2444.080078
2018-04-10,2450.73999
2018-04-11,2444.219971
2018-04-12,2442.709961
2018-04-13,2455.070068
2018-04-16,2457.48999
2018-04-17,2453.77002
2018-04-18,2479.97998
2018-04-19,2486.100098
2018-04-20,2476.330078
2018-04-23,2474.110107
2018-04-24,2464.139893
2018-04-25,2448.810059
2018-04-26,2475.639893
2018-04-27,2492.399902
2018-04-30,2515.379883
2018-05-02,2505.610107
2018-05-03,2487.25
2018-05-04,2461.379883
2018-05-08,2449.810059
2018-05-09,2443.97998
2018-05-10,2464.159912
2018-05-11,2477.709961
2018-05-14,2476.110107
2018-05-15,2458.540039
2018-05-16,2459.820068
2018-05-17,2448.449951
2018-05-18,2460.649902
2018-05-21,2465.570068
2018-05-23,2471.909912
2018-05-24,2466.01001
2018-05-25,2460.800049
2018-05-28,2478.959961
2018-05-29,2457.25
2018-05-30,2409.030029
2018-05-31,2423.01001
